Video ID,Title,Published At
-K7zY3VubVo,What happened at Google I/O 2025? - Google Developer News Special Report,2025-05-29T23:00:00Z
VM3b3csBeUc,Build your first Java agent with Google ADK,2025-05-29T04:00:38Z
dN1DbYyopks,"Living Canvas, a web-based puzzle game powered by Generative AI",2025-05-28T23:13:07Z
6bYCRPPdUxw,"Tell us your best ‚Äúshouldn‚Äôt have worked, but did‚Äù coding tale üëÄ",2025-05-28T04:00:06Z
eJFJRyXEHZ0,"Announcing Gemma 3n Preview: Powerful, Efficient, Mobile-First AI",2025-05-27T20:00:15Z
HZvb2t3ZBBg,"Google Home APIs, tools, and Gemini capabilities for your apps",2025-05-27T17:21:43Z
fln0EP1_PCQ,How many computations would be needed for a brute force approach? Go!,2025-05-27T13:01:20Z
VJllI3jMEb4,Darren Aronofsky and Demis Hassabis on storytelling in the age of AI,2025-05-23T22:39:22Z
1bZVJMQ0uMs,ViddyScribe - Gemini powered accessibility for Video,2025-05-23T20:00:01Z
jnUUo7xso_0,Waymo: AI in the physical world powering the future of driving,2025-05-23T19:43:50Z
Lq8JRE2YqTU,What‚Äôs new in Android (Google I/O 2025 recap),2025-05-22T17:58:49Z
kj80m-umOxs,What&#39;s new in Go,2025-05-22T15:40:05Z
EMZuKqr69Y8,#GoogleIO 2025 Developer Keynote Recap,2025-05-21T00:09:07Z
GjvgtwSOCao,Google I/O &#39;25 Developer Keynote,2025-05-20T21:47:19Z
